timestamp,commit,message,duration_s,input_tokens,output_tokens,cost_usd
2026-03-27T12:38:54Z,88a34c5,"Add User JPA entity with dependencies",113,615,3108,0.24024349999999997
2026-03-27T12:41:01Z,05be529,"Add UserRepository with custom finders and tests",123,20,4368,0.39104574999999997
2026-03-27T12:43:01Z,90cb9c8,"Add UserService with CRUD methods and tests",116,12,3051,0.2434635
2026-03-27T12:45:58Z,7156a82,"Add UserController with CRUD endpoints and tests",174,21,6525,0.5091392499999999
2026-03-27T12:48:59Z,62eaee0,"Add exception handling for 404 when user is not found",176,1445,8693,0.58223325
2026-03-27T12:51:37Z,5a10e26,"Add exception handling for 409 when name or email is already taken",155,20,6509,0.5222695
2026-03-27T12:53:27Z,f2438b8,"Add Spring Actuator with health endpoint only",106,16,3047,0.313907
2026-03-27T12:57:21Z,ed3d9ac,"Configure H2 Console in application.yaml",230,30,6224,0.673177
2026-03-27T12:58:42Z,219318e,"Add users.http with HTTP requests for all API endpoints",76,11,2310,0.22911325
